"from",
"re",
"edu",
"use",
"please",
"au",
"hi",
"hello",
"help",
"find",
"cant",
"one",
"still",
"ask",
"st",
"yes",
"im",
"dont",
"none",
"cannot",
"want",
"know",
"see",
"whats",
"could",
"back",
"would_like",
"wondering",
"able",
"hey",
"need",
"get",
"take",
"like",
"copy",
"nan",
"writing",
"ok",
"appreciate",
"okay",
"thanks",
"make",
"trying",
"another",
"havent",
"would",
"thank",
"yet",
"looking",
"someone",
"contact_us",
"popular_questions",
"already",
"idont",
"ive",
"wanted",
"today",
"first",
"information",
"talk",
"person",
"long",
"work",
"week",
"regarding",
"questions",
"two",
"pm",
"sent",
"got",
"says",
"whether",
"youll",
"said",
"Hi",
"HI",
"question",
"related",
"detail",
"found",
"otherwise",
"sorry",
"understand",
"try",
"rephrase",
"tried",
"go",
"either",
"however",
"includes",
"wish",
"also",
"sure",
"may",
"must",
"including",
"aihub",
"yeah",
"wonder",
"doesnt",
"coming",
"provide",
"example",
"successfully",
"mean",
"mode",
"right",
"let",
"give",
"provided",
"submit",
"forgot",
"forgotten",
"forget",
"updated",
"bot",
"nd",
"coming",
"going",
"needed",
"didnt",
"enter",
"cancel",
"done",
"stop",
"wont",
"held",
"tell",
"working",
"missing",
"block",
"lost",
"changed",
"add",
"speak",
"text",
"next",
"second",
"many",
"good",
"info",
"call",
"previous",
"changing",
"much",
"made",
"using",
"pls",
"currently",
"every",
"wanna",
"youre",
"student",
"study",
"usyd",
"year",
"care",
"due",
"new",
"receive",
"available",
"key",
"join",
"parents",
"trouble",
"set",
"set",
"difference",
"send",
"mind",
"required",
"pick",
"real",
"youve",
"isnt",
"https",
"html",
"com",
"click",
"us"